feature,importance_mean,importance_std
median_income,2.2978949945732374,0.13042503229871288
cost_yr,0.1358561595988525,0.02402706985013451
region_name,0.0006961268509085461,0.0004296916400850335
race_eth_name,6.701515768069987e-05,3.8554229653993824e-05
geotype,4.33759323736127e-05,4.230956097571094e-05
