feature,importance_mean,importance_std
median_income,2.2978949945732383,0.13042503229871277
cost_yr,0.1358561595988525,0.02402706985013453
region_name,0.0006961268509085461,0.0004296916400850337
race_eth_name,6.701515768069433e-05,3.8554229654000695e-05
geotype,4.337593237361825e-05,4.230956097571384e-05
